article,search_query,title,price,city,condition,url,rank_by_price,check_datetime
21830S1400,21830S1400,Опора левая АКПП 21830S1400 Santa Fe/Palisade,4780,Подольск,Новое,https://www.avito.ru/podolsk/zapchasti_i_aksessuary/opora_levaya_akpp_21830s1400_santa_fepalisade_8181899633?slocation=107620&context=H4sIAAAAAAAA_wFSAK3_YTozOntzOjg6ImlzU3BDb21wIjtiOjA7czoxMzoibG9jYWxQcmlvcml0eSI7YjowO3M6MToieCI7czoxNjoiZHg2ZzE5Z1pGQ012dTF4aSI7fUqIh4tSAAAA,1,2026-08-11 09:22:56 +0800
21830S1400,21830S1400,Кронштейн кпп в сборе Hyundai Kia 21830S1400,4780,Подольск,Новое,https://www.avito.ru/podolsk/zapchasti_i_aksessuary/kronshteyn_kpp_v_sbore_hyundai_kia_21830s1400_7868906702?slocation=107620&context=H4sIAAAAAAAA_wFSAK3_YTozOntzOjg6ImlzU3BDb21wIjtiOjA7czoxMzoibG9jYWxQcmlvcml0eSI7YjowO3M6MToieCI7czoxNjoiZHg2ZzE5Z1pGQ012dTF4aSI7fUqIh4tSAAAA,2,2026-08-11 09:22:56 +0800
21830S1400,21830S1400,"Опора двигателя palisade 21810S1200,21830S1400",6000,Москва,Новое,https://www.avito.ru/moskva/zapchasti_i_aksessuary/opora_dvigatelya_palisade_21810s120021830s1400_7805129712?slocation=107620&context=H4sIAAAAAAAA_wFSAK3_YTozOntzOjg6ImlzU3BDb21wIjtiOjA7czoxMzoibG9jYWxQcmlvcml0eSI7YjowO3M6MToieCI7czoxNjoiZHg2ZzE5Z1pGQ012dTF4aSI7fUqIh4tSAAAA,3,2026-08-11 09:22:56 +0800
21830S1400,21830S1400,"Опора двигателя palisade 21810S1200,21830S1400",6000,Москва,Новое,https://www.avito.ru/moskva/zapchasti_i_aksessuary/opora_dvigatelya_palisade_21810s120021830s1400_7828253961?slocation=107620&context=H4sIAAAAAAAA_wFSAK3_YTozOntzOjg6ImlzU3BDb21wIjtiOjA7czoxMzoibG9jYWxQcmlvcml0eSI7YjowO3M6MToieCI7czoxNjoiZHg2ZzE5Z1pGQ012dTF4aSI7fUqIh4tSAAAA,4,2026-08-11 09:22:56 +0800
21830S1400,21830S1400,"Опора двигателя palisade 21810S1200,21830S1400",6000,Москва,Новое,https://www.avito.ru/moskva/zapchasti_i_aksessuary/opora_dvigatelya_palisade_21810s120021830s1400_8110251385?slocation=107620&context=H4sIAAAAAAAA_wFSAK3_YTozOntzOjg6ImlzU3BDb21wIjtiOjA7czoxMzoibG9jYWxQcmlvcml0eSI7YjowO3M6MToieCI7czoxNjoiZHg2ZzE5Z1pGQ012dTF4aSI7fUqIh4tSAAAA,5,2026-08-11 09:22:56 +0800
244203A000,244203A000,Натяжитель цепи 244203A000 D6EA V6 3.0 3.8,700,Подольск,Новое,https://www.avito.ru/podolsk/zapchasti_i_aksessuary/natyazhitel_tsepi_244203a000_d6ea_v6_3.0_3.8_8182129660?slocation=107620&context=H4sIAAAAAAAA_wFSAK3_YTozOntzOjg6ImlzU3BDb21wIjtiOjA7czoxMzoibG9jYWxQcmlvcml0eSI7YjowO3M6MToieCI7czoxNjoibmNHV2lTd2x1ZmlPZVZaZyI7falilxNSAAAA,1,2026-08-11 09:22:57 +0800
244203A000,244203A000,Натяжитель цепи масляного насоса 244203A000,700,Подольск,Новое,https://www.avito.ru/podolsk/zapchasti_i_aksessuary/natyazhitel_tsepi_maslyanogo_nasosa_244203a000_7868515758?slocation=107620&context=H4sIAAAAAAAA_wFSAK3_YTozOntzOjg6ImlzU3BDb21wIjtiOjA7czoxMzoibG9jYWxQcmlvcml0eSI7YjowO3M6MToieCI7czoxNjoibmNHV2lTd2x1ZmlPZVZaZyI7falilxNSAAAA,2,2026-08-11 09:22:57 +0800
244203A000,244203A000,244203A000 башмак-натяжитель цепи масляного насоса,950,Москва,Новое,https://www.avito.ru/moskva/zapchasti_i_aksessuary/244203a000_bashmak-natyazhitel_tsepi_maslyanogo_nasosa_4522901918?context=H4sIAAAAAAAA_wFSAK3_YTozOntzOjg6ImlzU3BDb21wIjtiOjA7czoxMzoibG9jYWxQcmlvcml0eSI7YjowO3M6MToieCI7czoxNjoibmNHV2lTd2x1ZmlPZVZaZyI7falilxNSAAAA,3,2026-08-11 09:22:57 +0800
244203A000,244203A000,244203A000 hyundai Успокоитель цепи грм (натяжитель) original,1540,Москва,Новое,https://www.avito.ru/moskva/zapchasti_i_aksessuary/244203a000_hyundai_uspokoitel_tsepi_grm_natyazhitel_original_7873183032?slocation=107620&context=H4sIAAAAAAAA_wFSAK3_YTozOntzOjg6ImlzU3BDb21wIjtiOjA7czoxMzoibG9jYWxQcmlvcml0eSI7YjowO3M6MToieCI7czoxNjoibmNHV2lTd2x1ZmlPZVZaZyI7falilxNSAAAA,4,2026-08-11 09:22:57 +0800
